ETUNIMI;YHTEENSÄ
Juhani;290988
Olavi;146948
Antero;142209
Tapani;137561
Johannes;137235
Tapio;117471
Mikael;101339
Kalevi;101022
Matti;83869
Pekka;80932
Petteri;73261
Ilmari;71362
Sakari;65895
Matias;62779
Antti;56805
Juha;54874
Heikki;53995
Kristian;52035
Timo;50213
Kari;46536
Mikko;46096
Markus;43338
Jukka;41136
Jari;41061
Kalervo;40885
Markku;40229
Aleksi;39143
Jaakko;39130
Petri;37223
Mika;36757
Erkki;36624
Oskari;36197
Veikko;35980
Lauri;35817
Henrik;35488
Hannu;35433
Seppo;35091
Ville;33146
Ensio;31171
Pentti;30898
Ari;30402
Janne;30090
Marko;29796
Valtteri;29482
Tuomas;28111
Sami;27740
Juho;26594
Eero;26573
Martti;26568
Erik;24960
Jorma;24816
Jani;24200
Samuli;23607
Elias;23499
Jussi;22599
Harri;22522
Risto;22408
Raimo;22123
Eemeli;21914
Teemu;21750
Pertti;21228
Veli;21119
Jarmo;20910
Onni;20599
Esa;20513
Esko;20276
Eino;20264
Pasi;19478
Jouni;19439
Arto;19302
Jouko;19030
Reijo;18867
Vesa;18677
Samuel;18648
Olli;18604
Niko;18423
Paavo;18331
Kalle;18103
Joonas;18049
Toni;17607
Armas;17200
Toivo;17159
Johan;16654
Kimmo;16314
Santeri;16261
Viljami;16259
Tomi;16109
Emil;15669
Henri;15454
Joni;15327
Leo;15300
Tero;15112
Tommi;15076
Pauli;14898
Väinö;14808
Ilkka;14725
Eetu;14338
Uolevi;13849
Otto;13576
Ilari;13482
Oliver;13412
Daniel;13405
Sebastian;13266
Aulis;13174
Tuomo;13054
Jarkko;12636
Jalmari;12487
Alexander;12392
Anton;12217
Aleksanteri;12170
Jesse;12156
Eemil;11911
Joona;11662
Simo;11014
Keijo;10880
Vilho;10878
Allan;10810
Einari;10804
Akseli;10752
Kullervo;10725
Arttu;10710
Jere;10590
Kauko;10568
Reino;10535
Lasse;10478
Juuso;10434
Jyrki;10096
Mauri;10086
Christian;10036
Kaarlo;9993
Niilo;9731
Joel;9705
Julius;9544
Jan;9466
Aukusti;9444
Benjamin;9426
Niklas;9364
Yrjö;9322
Aarne;9262
Leevi;9219
Kai;9216
Aki;8898
Tauno;8850
Juhana;8777
Artturi;8705
Miika;8685
Riku;8494
Karl;8447
Teuvo;8320
Elmeri;8289
Rauno;8132
Peter;8038
Jarno;7944
Rasmus;7868
Hermanni;7791
Eerik;7686
Veeti;7637
Arvo;7608
Topias;7596
Vilhelm;7564
Ossi;7548
Aaro;7498
Osmo;7399
Viljo;7363
Veijo;7301
Taisto;7294
Valdemar;7286
Joonatan;7250
Aatos;7167
Rainer;7098
Ismo;7053
Anssi;6943
Robert;6913
Patrik;6804
Aimo;6778
Henry;6693
Anders;6692
Roope;6560
Atte;6529
Asko;6521
Henrikki;6311
Eelis;6283
Taneli;6076
Edvard;5923
Miro;5885
Aapo;5839
Samu;5770
Ahti;5717
Lassi;5699
Mauno;5683
Iisakki;5613
Oiva;5602
Aaron;5594
Kim;5528
Kustaa;5498
Oskar;5479
Tuukka;5466
Lars;5410
Verneri;5390
Aarre;5333
Vihtori;5329
Kasper;5312
Andreas;5223
Rafael;5170
Alpo;5158
Tarmo;5127
Alex;5119
Topi;5080
Fredrik;5068
Miikka;5024
Wilhelm;5003
August;4970
Kasperi;4919
Unto;4855
Albert;4846
Vili;4834
Urho;4767
Sulo;4715
Aatu;4703
Jimi;4679
Herman;4671
Ilpo;4670
Konsta;4667
Nikolai;4659
Sauli;4631
Roni;4598
Kyösti;4571
Tatu;4569
Joakim;4513
Jyri;4494
Gunnar;4487
Kaj;4411
Gustav;4383
Michael;4345
Tom;4297
Carl;4263
Saku;4241
Max;4234
Severi;4203
Veikka;4179
Iivari;4159
Heimo;4144
Veli-Matti;4085
William;4046
Rikhard;4040
Hans;3824
Arvi;3766
Iiro;3749
Voitto;3747
Alvar;3727
Pellervo;3696
Martin;3670
Pietari;3667
Rami;3663
Jonne;3657
John;3642
Eeli;3635
Thomas;3629
Hugo;3537
Hannes;3522
Axel;3520
Olof;3496
Pyry;3468
Viktor;3464
Frans;3438
Jeremias;3429
Harry;3428
Göran;3393
Juha-Pekka;3384
Miska;3370
Sampo;3349
Paul;3341
Otso;3328
Teppo;3308
Leif;3296
Stefan;3211
Jami;3201
Nils;3172
Lenni;3166
Nico;3161
Aku;3144
Oscar;3107
Jukka-Pekka;3090
Päiviö;3072
Aarno;2999
Gabriel;2988
Paavali;2974
Tony;2949
Perttu;2934
Arvid;2875
Miko;2846
Aleksander;2845
Luukas;2799
Anselmi;2794
Veli-Pekka;2783
Tomas;2749
Santtu;2746
Luka;2729
Krister;2729
Untamo;2712
Urpo;2709
Alfred;2708
Jonas;2696
Edvin;2640
Richard;2596
Christer;2580
Nestori;2576
Eljas;2575
Terho;2574
Jasper;2567
Robin;2545
Panu;2542
Sven;2501
Eerikki;2478
Klaus;2449
Lennart;2449
Viljam;2423
Nooa;2409
Marcus;2409
Magnus;2394
Mathias;2380
Nuutti;2366
Juha-Matti;2359
Waltteri;2352
Bengt;2334
Patrick;2318
Jonathan;2318
Olli-Pekka;2303
Stig;2284
Kenneth;2266
Aarni;2256
Noel;2255
Reima;2251
Kaleva;2233
Ali;2224
Jesper;2212
Mattias;2200
Lucas;2199
Eevert;2191
Rolf;2163
Aapeli;2159
Eliel;2157
Teijo;2144
Evert;2118
Alarik;2115
Tino;2091
Ossian;2086
Einar;2071
Peetu;2033
Mats;2028
Kurt;2013
Petter;2008
Lukas;1998
Sisu;1990
Mohamed;1977
Lari;1961
Kaapo;1948
Justus;1937
Asser;1921
Ukko;1907
Tommy;1889
Per;1881
Antton;1873
Håkan;1869
Tenho;1864
Eric;1862
Anttoni;1848
Taavi;1845
Helge;1830
Taavetti;1830
Tobias;1812
Åke;1795
Karri;1787
David;1767
Manu;1764
Valter;1761
Ari-Pekka;1747
Felix;1736
Gustaf;1735
Bo;1726
Leonard;1720
Verner;1695
Roger;1688
Ralf;1682
Björn;1681
Erno;1675
Simon;1659
Kaarle;1655
Heino;1643
Aleksis;1627
Luca;1626
Jori;1621
Sulevi;1617
Elmo;1602
Jonatan;1557
Kosti;1554
Birger;1530
Valentin;1529
Touko;1528
Bernhard;1508
Jerry;1500
Dan;1490
Christoffer;1478
Albin;1468
Kimi;1457
Jalo;1454
Rauli;1452
Victor;1449
Aslak;1446
Jan-Erik;1437
Tuure;1437
Raine;1425
Elis;1421
Börje;1405
Timi;1395
Vertti;1394
Adam;1390
Casper;1386
Nikolas;1366
Salomon;1360
Ulf;1349
Ingmar;1347
Bror;1347
Georg;1342
Ilmo;1336
Edward;1332
Jari-Pekka;1328
Harald;1319
Auvo;1308
Jooa;1288
Jarl;1287
Iikka;1269
Eemi;1267
Ahmed;1264
Taito;1259
Alf;1247
Linus;1240
Mico;1234
Jiri;1232
Waldemar;1214
Petrus;1213
Kristoffer;1205
Kevin;1183
Väinämö;1181
Arthur;1175
Rudolf;1170
Sampsa;1160
Alvari;1150
Arne;1150
Adolf;1145
Valto;1144
Vilhelmi;1141
Isak;1114
Kasimir;1114
Milo;1100
Visa;1096
Jens;1095
Altti;1092
Walter;1088
Nicolas;1082
Uljas;1065
Christopher;1051
Erkka;1049
Filip;1034
Kjell;1033
Iisak;1026
Helmer;1023
Torsten;1018
Holger;1013
Tor;1008
Emanuel;1001
Ville-Veikko;993
Niki;990
Niclas;988
Bertel;987
James;985
Nicholas;982
Isto;977
André;974
Jooseppi;963
Elia;963
Ragnar;961
Ole;940
Aatto;936
Marco;936
Noah;934
Hjalmar;932
Vincent;925
Eevertti;924
Adrian;923
Paulus;919
Ben;913
Viking;903
Artur;896
Torsti;893
Bjarne;893
Usko;891
Tiitus;886
Jose;885
Konstantin;877
Joose;869
Jakob;868
Aksel;851
Benjam;848
Asseri;848
Johnny;843
Simeon;843
Okko;842
Cristian;834
Antonio;834
Jon;834
Teo;833
Jimmy;832
Roy;832
Uuno;823
Wiljami;817
Elmer;811
Sakarias;811
Vesa-Matti;805
Leon;802
Ivar;798
Miikkael;796
Hemmo;787
Jussi-Pekka;787
Yrjänä;785
Ove;781
Valfrid;780
Osvald;776
Sasu;775
Dennis;772
Leander;765
Oula;761
Andrei;758
Alfons;753
Maximilian;748
Kauno;744
Olav;741
Teodor;735
Gösta;725
Benjami;723
Mauritz;719
Arimo;718
Niila;713
Anselm;704
Roland;703
Aron;700
Boris;700
Rune;697
Valtter;697
Turo;696
Noa;695
Elliot;694
Anthony;691
Atso;691
Frank;689
Jim;687
Miikael;685
Marius;680
Into;674
Jörgen;669
Manuel;665
Tim;664
Ilja;663
Runar;659
Ylermi;658
Jonni;657
Aamos;655
Dimitri;653
Ferdinand;650
Toimi;645
Liam;644
Antinpoika;643
Ernst;637
Mio;635
Bruno;635
Mark;632
Guy;627
Erland;623
Raino;623
Joachim;619
Rene;618
Jeremia;616
Herbert;612
Evald;612
Immanuel;611
Ruben;611
Valo;609
Romeo;608
Reko;607
Casimir;607
Bertil;605
Arno;605
Nestor;603
Iivo;602
Micael;600
Jesperi;597
Venni;597
Amos;589
Petja;585
Yngve;585
Sten;577
Eugen;577
Philip;572
Werner;571
Matts;571
Hassan;570
Sameli;569
Sam;569
Tage;568
Eppu;565
Omar;563
Fabian;550
Julian;550
Otava;548
Mirko;546
Orvo;545
Charles;544
Pekko;543
Pontus;543
Vesa-Pekka;540
Miki;538
Juri;538
Ville-Pekka;537
Aleksei;536
Juhanpoika;534
Antto;528
Arnold;527
Matinpoika;526
Soini;526
Ibrahim;526
Sylvester;523
Vladimir;521
Klas;518
Theo;517
Zacharias;516
Reinhold;514
Nicklas;514
Valde;512
Salomo;512
Dani;510
Aatami;510
Jacob;509
Kent;509
Raineri;508
Jean;508
Jasu;502
Joosua;502
Arsi;500
Hilding;499
Torbjörn;499
Abdi;493
Kaino;492
Karl-Erik;489
Mohammed;486
Kari-Pekka;483
Antti-Jussi;482
Esaias;481
Ingemar;478
Torvald;474
Maunu;473
Turkka;472
Kaius;471
Jare;470
Helmeri;467
Torolf;465
Ronny;463
Osku;462
Mohammad;462
Svante;462
Ludvig;460
Aadolf;454
Villiam;450
Samppa;449
Ivan;445
Abdullahi;445
Antti-Pekka;444
Wiljam;444
Mikonpoika;444
Theodor;440
Asmo;439
Sergei;439
Wille;439
Neo;434
Jaro;434
Sigurd;433
Hemming;430
Vilppu;429
Sune;426
Mainio;424
Per-Erik;422
Hemminki;422
Jonny;419
Karl-Johan;417
Andrew;417
Mertsi;415
Mårten;414
Folke;413
Kusti;410
Abdirahman;409
Aleksandr;409
Urmas;408
Knut;408
Josef;407
Akusti;407
Ola;404
Karim;400
Berndt;397
Joseph;395
Aake;394
Sixten;393
Mikke;391
Jalmar;391
Timonpoika;390
Kaspian;386
Erkko;386
Aappo;382
Bernt;380
Igor;379
Valio;377
Maxim;374
Pirkka;373
Herkko;372
Augusti;372
Lars-Erik;369
Carl-Johan;367
Pietu;367
Joa;366
Ville-Petteri;366
Nino;365
Jukanpoika;362
Sture;361
Joshua;360
George;359
Aarto;359
Edwin;356
Hussein;355
Werneri;352
Abraham;352
Heikinpoika;347
Kuisma;345
Jack;344
Ohto;344
Pekanpoika;344
René;342
Ernesti;342
Pete;340
Petro;340
Jarinpoika;339
Karo;338
Ingvar;337
Amir;336
Matteus;335
Van;335
Elo;334
Nikodemus;333
Rickard;332
Kennet;332
Pavel;330
Mitja;330
Immo;330
Matthew;329
Kristofer;328
Sigfrid;328
Benny;327
Jason;327
Aate;326
Alvin;325
Staffan;323
Maurits;322
Esa-Pekka;321
Maximus;321
Ingvald;321
Eeti;321
Konrad;321
Alexis;312
Jetro;309
Jaani;308
Sören;306
Roman;306
Totti;305
Olle;304
Manne;304
Ville-Matti;304
Alexandre;303
Jari-Matti;302
Tore;302
Hannu-Pekka;301
Ahmad;301
Denis;300
Leonardo;299
Dominic;298
Rurik;296
Leopold;295
Elof;293
Carlos;293
Levi;293
Nikke;292
Uno;292
Ari-Matti;292
Dick;291
Samir;291
Nikita;291
Fjalar;290
Juho-Pekka;287
Hannunpoika;287
Edgar;287
Karinpoika;285
Hemmi;284
Yusuf;283
Alexi;283
Raul;280
Ian;279
Masi;278
Huugo;276
Raymond;276
Rauni;275
Eskil;275
Conny;274
Mihail;273
Kare;269
Selim;269
Jake;268
Sigvard;268
Timo-Pekka;267
Mustafa;267
Ronnie;267
Ted;266
Arttur;266
Veini;264
Gerhard;264
Adiel;264
Wäinö;263
Muhammad;261
Said;261
Rony;261
Frej;260
Caj;260
Kristo;259
Ismail;258
Peik;258
Alec;258
Pessi;257
Amadeus;257
Sammeli;255
Jermu;254
Renne;253
Elvis;253
Jaska;251
Glenn;250
Terno;250
Thor;250
Greger;249
Joe;248
Feliks;248
Amin;248
Patric;247
Ville-Valtteri;246
Vidar;245
Oleg;245
Roberto;245
Isac;244
Jali;243
Jone;243
Ronald;242
Junior;242
Jasperi;242
Maksim;242
Jussinpoika;241
Sven-Erik;241
Atro;241
Alan;241
Jasse;240
Uula;240
Mario;240
Wilmer;239
Kuutti;239
Kerkko;238
Ernest;236
Mohamud;236
Emilio;236
Olli-Matti;235
Markunpoika;235
Aleks;235
Milton;233
Emmanuel;233
Mike;233
Ami;233
Alvi;232
Ture;231
Jaakoppi;230
Andre;230
Eddie;228
Michel;228
Tristan;226
Marc;226
Dmitri;225
Miio;225
Karl-Gustav;224
Matthias;224
Mikanpoika;224
Lee;221
Saul;220
Nemo;219
Valeri;219
Rickhard;218
Raafael;218
Mahamed;218
Jarko;217
Villehard;216
Osman;216
Melvin;215
Luis;214
Rico;213
Algot;211
Gottfrid;211
Fred;210
Ariel;210
Jan-Peter;209
Myrsky;208
Elja;207
Arinpoika;207
Jeremy;206
Simo-Pekka;206
Abel;206
Aati;205
Jani-Petteri;205
Ken;205
Miguel;203
Jannenpoika;203
Jan-Mikael;202
Henning;200
Hiski;198
Johann;198
Per-Olof;198
Louis;197
Aaretti;197
Abdulkadir;197
Saska;195
Ron;192
Clas;192
Minh;191
Jusa;190
Hasan;189
Kari-Matti;188
Sergey;187
Nils-Erik;186
Miiko;185
Jan-Olof;184
Ryan;184
Auno;183
Viggo;182
Mikhail;182
Sami-Pekka;182
Juan;181
Timothy;180
Jaakonpoika;180
Mehmet;180
Morris;179
Micke;179
Alberto;179
Bo-Erik;178
Ricardo;178
Hamza;178
Sami-Petteri;177
Mitro;177
Alpi;176
Waltter;176
Kauri;175
Alexei;175
Vieno;175
Petrinpoika;175
Gideon;175
Ahto;174
Harrinpoika;174
Remu;173
Kirill;173
Eduard;173
Jyry;173
Rabbe;173
Abdul;172
Ilo;172
Abdullah;171
Titus;171
Singh;171
Thanh;171
Jerker;171
Tyko;170
Luke;170
Curt;168
Nathan;167
Steven;166
Kaj-Erik;165
Sakke;165
Miiro;165
Rikard;165
Juho-Matti;164
Alpertti;164
Niko-Petteri;163
Eikka;163
Filemon;162
Khalid;162
Miklas;162
Finn;161
Carl-Erik;161
Risto-Matti;161
Malakias;160
Jirka;160
Andrey;160
Esa-Matti;160
Alessandro;160
Carl-Gustav;160
Jaan;160
Jani-Pekka;159
Sean;159
Raoul;159
Matteo;158
Jaakob;158
Antoni;158
Claes;158
Carlo;158
Juhan;157
Tahvo;157
Anttu;157
Jaakkima;157
Jero;156
Leino;155
Tuisku;155
Francis;154
Silvo;154
Severin;154
Ano;154
Asla;154
Timoteus;154
Markonpoika;153
Ollinpoika;153
Rufus;153
Jan-Anders;152
Efraim;152
Andres;151
Hans-Erik;151
Aale;151
Juha-Petteri;151
Valle;150
Hermann;149
Colin;149
Jeremi;149
Pär;149
Milan;148
Jousia;148
Egil;148
Ludwig;147
Verne;147
Robertino;147
Valentino;147
Elian;146
Aaprami;146
Sanfrid;146
Josua;145
Jaako;145
Franz;145
Jan-Henrik;145
Lenny;144
Harto;144
Misa;144
Kunto;144
Simeoni;144
Vikke;144
José;143
Fridolf;143
Matti-Pekka;143
Juhamatti;143
Ray;142
Hampus;141
Brian;141
Vinski;141
Ragnvald;141
Janne-Pekka;140
Brynolf;140
Joacim;139
Anatoli;139
Abbas;138
Eirik;138
Deniz;137
Pehr;137
Erkinpoika;137
Eeka;137
Måns;137
Alejandro;136
Kaspar;136
Eliot;136
Villenpoika;136
Juha-Petri;136
Christofer;136
Sammy;136
Karlo;135
Engelbert;135
Emerik;135
Niilas;135
Vilpas;134
Jiro;133
Pedro;133
Andrea;133
Armo;133
Charlie;133
Miku;132
Valtti;132
Liinus;132
Stephen;132
Morgan;132
Aksu;131
Jaajo;131
Vesanpoika;131
Ville-Markus;130
Emre;130
Daavid;130
Chris;130
Jouninpoika;130
Anto;129
Joeli;129
Muhammed;129
Sven-Olof;128
Israel;128
Akilles;128
Riku-Pekka;127
Caius;127
Stephan;127
Ristonpoika;127
Dmitry;127
Juska;127
Anas;126
Alexey;126
Damien;126
Vadim;126
Thorvald;126
Vili-Valtteri;126
Daniil;125
Moritz;125
Mikko-Pekka;125
Roi;125
Jeri;125
Hendrik;123
Pepe;123
Angelo;123
Tami;123
Marek;122
Lionel;122
Volmar;122
Ilkanpoika;122
Isaac;122
Milko;121
Erling;121
Eenokki;121
Oliwer;121
Dylan;121
Saminpoika;121
Artem;120
Francisco;120
Jooel;120
Claus;120
Nikanor;120
Jamal;120
Keimo;120
Wilhelmi;120
Riku-Petteri;119
Aito;119
Toomas;119
Jussi-Petteri;118
Weeti;118
Eemu;118
Pasinpoika;117
Atle;117
Jouka;117
Niku;117
Caspian;117
Natanael;116
Rolle;116
Lemmy;116
Tor-Erik;116
Yasin;116
Jakke;116
Wilho;116
Zakaria;116
Kenny;115
Eeronpoika;115
Ethan;114
Marcel;114
Trygve;114
Eki;114
Carl-Henrik;113
Dag;113
Esanpoika;112
Fernando;112
Mikki;112
Raikas;112
Volter;112
Odin;112
Jamiel;112
Emppu;111
Ale;111
Östen;111
Nathaniel;111
Pablo;110
Mahdi;110
Mahmoud;110
Reidar;110
Adnan;110
Leonid;110
Ernesto;110
Laurinpoika;110
Willem;109
Hasse;109
Nelson;109
Jerome;109
Anh;109
Ernfrid;109
Antti-Juhani;108
Sipi;108
Scott;108
Nicolai;108
Kalle-Pekka;108
Oswald;107
Ante;107
Kosmo;107
Mooses;107
Nikolaus;107
Riki;107
Martinpoika;107
Evan;107
Aslan;107
Ralph;106
Joosef;106
Mies;106
Anshelm;106
Vaito;106
Vladislav;106
Ananias;105
Roobert;105
Arman;105
Hamid;105
Aki-Petteri;104
Joska;104
Melker;104
Seponpoika;104
Carl-Gustaf;104
Poika;103
Gilbert;103
Emir;103
Ismael;103
Semi;103
Justin;103
Alexandros;103
Enok;102
Taimo;102
Mikail;102
Karl-Henrik;102
Ilppo;102
Marlo;102
Jan-Kristian;101
Jussa;101
Tarvo;101
Ari-Jukka;101
Vitali;100
Mikaeli;100
Stig-Erik;100
Lars-Johan;99
Isidor;99
Diego;99
Dante;98
Eero-Pekka;98
Jama;98
Dominik;98
Sigvald;98
Petrik;98
Joni-Petteri;98
Elijah;98
Willy;98
Muisto;97
Vasili;97
Reeti;97
Reza;97
Mahad;97
Tuomaanpoika;97
Wili;96
Veetu;96
Damian;96
Aden;96
Marlon;96
Bilal;96
Heinrich;96
Nikolaos;96
Anthon;96
Jarmonpoika;95
Kiril;95
Juhaninpoika;95
Olli-Petteri;95
Oma;95
Olov;95
Ruuben;95
Janinpoika;95
Launo;95
Feodor;95
Pierre;95
Francesco;94
Teronpoika;94
Salama;94
Wolfgang;94
Steve;94
Walfrid;93
Mohamad;93
Stanislav;93
Ilyas;92
Asarias;92
Can;92
Jani-Matti;92
Donald;92
Elton;92
Tito;91
Remi;91
Abram;91
Renny;91
Jerri;91
Frederick;91
Edvart;91
Georgios;91
Crister;91
Kenth;91
Paolo;90
Tapionpoika;90
Edmund;90
Per-Ole;90
Olivier;90
Eduardo;90
Evgeny;90
Frederik;90
Leonel;90
Volmari;90
Jordan;90
Hoang;90
Rinaldo;90
Joni-Pekka;89
Totte;89
Jokke;89
Antony;89
Calle;89
Jan-Eric;89
Ilias;89
Philippe;89
Nick;88
Lenne;88
Aziz;88
Pentinpoika;88
Severus;88
Jonah;88
Seth;88
Artonpoika;88
Pieti;88
Runo;88
Mehdi;88
Valte;88
Willehard;87
Raphael;87
Ekku;87
Abiel;87
Veli-Jussi;87
Lorenz;87
Huuko;87
Pauno;87
Harras;87
Karel;87
Bert;86
Fredric;86
Conrad;86
Thure;86
Rudi;86
Cay;86
Erich;86
Carolus;86
Jan-Ole;86
Jamie;86
Peder;86
Duc;85
Fritz;85
Mika-Petteri;85
Fritiof;85
Bror-Erik;85
Timmy;85
Uuras;84
Juuse;84
Musa;84
Riko;84
Abdifatah;84
Göte;84
Nicky;84
Timur;84
Niiles;84
Junnu;84
Kimmonpoika;83
Nuuti;83
Arho;83
Otto-Ville;83
Tuan;83
Ukko-Pekka;83
Rayan;83
Friedrich;83
Päivö;83
Khaled;83
Venneri;82
Wihtori;82
Kaapro;82
Douglas;82
Mickael;82
Reetu;82
Juho-Petteri;82
Muhamed;82
Alexandr;82
Marcos;82
Ensi;82
Albinus;82
Ulrik;82
Malik;81
Ate;81
Bastian;81
Lalli;81
Kian;81
Juhonpoika;81
Brandon;81
El;81
Antreas;80
Jyri-Pekka;80
Sander;80
Cedric;80
Md.;80
Penjami;80
Kunnari;80
Vilpertti;80
Nabil;79
Hanno;79
Janiel;79
Winston;79
Mika-Petri;79
Youssef;79
Aadam;79
Seemi;79
Quoc;79
Stefanus;79
Hung;79
Iivar;79
Roine;79
Faisal;79
Velu;78
Jan-Markus;78
Farah;78
Konstantinos;78
Andrej;78
Dean;78
Zachary;78
Jirko;78
Mahamud;78
Antti-Ville;77
Tomminpoika;77
Andy;77
Aabraham;77
Valpas;77
Simonpoika;77
Juho-Antti;77
Aram;77
Enrique;77
Lawrence;77
Malte;76
Theodore;76
Vili-Petteri;76
Ermo;76
Ere;76
Tuomonpoika;76
Hiskias;76
Markko;76
Ahmet;76
Kuura;76
Andréas;76
Quang;76
Florian;75
Anwar;75
Julle;75
Caspar;74
Kumar;74
Mika-Matti;74
Enzo;74
Haakon;74
Juhapekka;74
Stig-Göran;74
Javier;74
Constantin;73
Bashir;73
Risto-Pekka;73
Vilmer;73
Veli-Jukka;73
Jukka-Matti;73
Manfred;73
Pertinpoika;73
Nikolaj;73
Jarkonpoika;73
Arhippa;72
Ingolf;72
Jukka-Petteri;72
Veli-Petteri;72
Kasmir;72
Urban;72
Lorenzo;72
Lippo;72
Elvin;72
Wiktor;72
Abdirizak;72
Jona;72
Valerian;72
Arian;71
Murat;71
Lenna;71
Velimatti;71
Jürgen;71
Abdel;71
Yahya;71
Riku-Matti;71
Tero-Pekka;71
Hussain;71
Ollipekka;71
Feeliks;71
Pietro;71
Gunnari;70
Harri-Pekka;70
Attila;70
Arijoutsi;70
Giovanni;70
Abdirashid;70
Sasha;70
Jay;70
Felipe;70
Jussi-Matti;70
Antoine;70
Stig-Olof;70
Janne-Petteri;70
Artti;70
Robi;70
Antonius;70
Jormanpoika;69
Miihkali;69
Armando;69
Tomi-Pekka;69
Alexsander;69
Masa;69
Paulo;69
Mateo;69
Sulho;69
John-Erik;68
Jony;68
Kallenpoika;68
Vilperi;68
Sayed;68
Matheo;68
Heimer;68
Rikhart;68
Alek;68
Paul-Erik;68
Joar;68
Xavier;68
Eskonpoika;67
Allani;67
Kamal;67
Henric;67
Aidan;67
Nur;67
Christoph;67
Long;66
Erhard;66
Mika-Pekka;66
Abukar;66
Don;66
Isko;66
Md;66
Danny;66
Sippo;66
Aalto;65
Jura;65
Salah;65
Saad;65
Adil;65
Serguei;65
Aleksius;65
Glen;65
Josi;65
Brage;65
Joukonpoika;65
Pasi-Pekka;65
Eugén;65
Karolus;65
Kaappo;65
Setti;65
Markuksenpoika;65
Roopertti;64
Bernard;64
Jyrkinpoika;64
Carl-Magnus;64
Lennu;64
Haidar;64
Liban;64
Angel;64
Jeppe;63
Elmar;63
Adel;63
Egon;63
Keith;63
Eilo;63
Enrico;63
Hakim;63
Antte;63
Yassin;63
Misael;63
Eli;63
Veli-Heikki;63
Kostia;63
Yahye;62
Jan-Christian;62
Rio;62
Sebastien;62
Taha;62
Matvei;62
Tryggve;62
Derek;61
Jomi;61
Andrés;61
Duy;61
Hubert;61
Timo-Jaakko;61
Ilya;61
Jeremiah;61
Varma;61
Lorentz;61
Kivi;61
Sylvesteri;61
Riiko;61
Lars-Olof;61
Ville-Oskari;60
Rahman;60
Poju;60
Rashid;60
Pertteli;60
Maxwell;60
Hong;60
Love;60
Kristjan;60
Veli-Juhani;60
Norman;60
Jevgeni;60
Mici;60
Mustapha;60
Kaapriel;60
Ristomatti;60
Claudio;60
Melwin;60
Janne-Matti;60
Ramin;59
Jacques;59
Habib;59
Ramon;59
Jari-Jukka;59
Hadi;59
Bruce;59
Ngoc;59
Ailo;59
Oke;59
Mikko-Petteri;59
Mert;59
Hai;59
Samueli;59
Salim;59
Gregory;59
Stefano;58
Stanley;58
Jafet;58
Amar;58
Philipp;58
Vinh;58
Santiago;58
Feetu;58
Tuovi;58
Veerti;58
Daniele;58
Nicke;58
Nisse;58
Jari-Petteri;58
Ruslan;58
Mostafa;58
Velipekka;57
Bo-Göran;57
Nyyrikki;57
Walid;57
Woldemar;57
Ville-Matias;57
Eeki;57
Odert;57
Aari;57
Havu;57
Koitto;57
Lamin;57
Fritjof;57
Ervo;57
Ensiö;57
Erpo;57
Bill;57
Olaf;57
Lassi-Pekka;56
Nikola;56
Alain;56
Ricky;56
Lars-Göran;56
Armin;56
Hector;56
Suleiman;56
Kustavi;56
Aki-Pekka;56
Tor-Björn;56
Arif;56
Gerald;56
Cameron;55
Ebbe;55
Miso;55
Omer;55
Rachid;55
Sharif;55
Abdallah;55
Viki;55
Owen;55
Guido;55
Huy;55
Phong;55
Siimon;54
Veli-Antti;54
Jayden;54
Ramses;54
Styrbjörn;54
Aabel;54
Taro;54
Tarek;54
Troy;54
Emin;54
Heinz;54
Saku-Petteri;54
Juha-Antti;53
Gert;53
Toninpoika;53
Keni;53
Giuseppe;53
Seyed;53
Georgi;53
Kirmo;53
Thien;53
Akram;53
Maximillian;53
Aare;53
Huu;53
Veli-Mikko;53
Maurice;53
Jorge;53
Teemunpoika;53
Pärttyli;53
Dino;53
Georges;53
Reijonpoika;53
Tien;53
Dahir;53
Tominpoika;53
Benedict;52
Stepan;52
Toni-Pekka;52
Nikolay;52
Yury;52
Reh;52
Halti;52
Abdirisak;52
Tan;52
Gotthard;52
Voldemar;52
Kay;52
Gordon;52
Darius;52
Sheikh;52
Ilmar;52
Khalil;52
Abdulahi;51
Ömer;51
Dan-Erik;51
Petr;51
Toma;51
Ayman;51
Jore;51
Jaron;51
Janek;51
Adan;51
Sointu;51
Erasmus;51
Seeti;51
Onni-Pekka;51
Kainpoika;50
Anian;50
Asad;50
Nathanael;50
Ora;50
Cosmo;50
Idris;50
Hashim;50
Jahvetti;50
Hakon;50
Vesa-Heikki;50
Juno;50
Dimitrios;50
Frithiof;50
Peeter;50
Allen;50
Markos;50
Terjo;50
Jupiter;50
Nalle;50
Aukust;50
Walther;50
Grigori;50
Albertti;50
Niko-Pekka;50
Larry;49
Helmut;49
Efe;49
Lennard;49
Baran;49
Thorolf;49
Teddy;49
Alexanteri;49
Sirius;49
Askonpoika;49
Aapi;49
Jeffrey;49
Jasin;49
Akinpoika;49
Marko-Tapio;49
Jemi;49
Carl-Eric;49
Jymy;49
Azad;49
Juhanni;48
Velmeri;48
Gunder;48
Tomy;48
Aston;48
Saeed;48
Mino;48
Vu;48
Miitri;48
Jörn;48
Nasir;48
Pyry-Petteri;48
Artjom;48
Fuad;48
Matti-Juhani;48
Solomon;48
Imran;48
Harold;48
Karlos;48
Chi;48
Darin;48
Venne;47
Nam;47
Gary;47
Jopi;47
Eliah;47
Retu;47
Kemal;47
Georgij;47
Kyle;47
Arda;47
Dave;47
Jedi;47
Zakarias;47
Ari-Petteri;47
Ioannis;47
Stuart;47
Jarnonpoika;46
Hakan;46
Henteri;46
Mauriz;46
Dario;46
Arjo;46
Mortti;46
Eeliel;46
Lahja;46
Abdiaziz;46
Benedikt;46
Jukkapekka;46
Lari-Pekka;46
Ahvo;46
Niels;46
Mikkel;46
Karl-Oskar;46
Xuan;45
Freddy;45
Joni-Matti;45
Marie;45
Arni;45
Eetu-Petteri;45
Mortimer;45
Jerkko;45
Hardy;45
Remo;45
Jusu;45
Elliott;45
Farid;45
Paavonpoika;45
Emile;45
Jamil;45
Malcolm;45
Aku-Petteri;45
Musse;45
Tico;45
Nilla;44
Viet;44
Abdinasir;44
Sébastien;44
Jani-Petri;44
Saleh;44
Miklos;44
Kai-Erik;44
Jari-Petri;44
Vesteri;44
Juha-Heikki;44
Romi;44
Hüseyin;44
Eugene;44
Kristopher;44
Erwin;44
Veka;44
Lauri-Pekka;44
Timofei;44
Frey;43
Alexej;43
Abd;43
Yousef;43
Julien;43
Maurinpoika;43
Rahim;43
Timitri;43
Michele;43
Sihveri;43
Ross;43
Feija;43
Trung;43
Alessio;43
Ivo;43
Tomi-Petteri;43
Bao;43
Elon;43
Ake;43
Evgeni;43
Pekka-Juhani;43
Pasi-Petteri;43
Eemel;43
Bruuno;43
Moses;43
Marwan;43
Miron;43
Hans-Peter;43
Iisko;43
Tarik;43
Ukri;43
Jaime;43
Oras;42
Raikko;42
Maxime;42
Josia;42
Filipp;42
Axl;42
Wiking;42
Kamil;42
Uki;42
Jaromir;42
Bob;42
Harrison;42
Joosu;42
Alfonso;42
Aki-Matti;42
Birk;42
Billy;42
Assar;42
Anteri;42
Otto-Pekka;42
Lewis;42
Janos;42
Cong;42
Jouna;42
Younes;42
Silas;41
Ronni;41
Nici;41
Mikko-Matti;41
Raimond;41
Federico;41
Lassenpoika;41
Jan-Eerik;41
Julio;41
Erol;41
Sefanias;41
Augusto;41
Engelbrekt;41
Orion;41
Aaku;41
Jan-Ove;41
Tri;41
Janus;41
Mitri;41
Maria;41
Lev;41
Danial;41
Vito;41
Dieter;41
Teofilus;41
Petros;40
Reini;40
Omid;40
Karl-Gustaf;40
Hartti;40
Abdulla;40
Abdulrahman;40
Sonny;40
Wictor;40
Ayub;40
Hilmer;40
Ilia;40
Brahim;40
Aku-Pekka;40
Alho;40
Sakaria;40
Orlando;40
Atlas;40
Osma;40
Timjami;40
Joosa;40
Toni-Petteri;40
Claude;40
Fredrick;40
Johny;40
Salem;40
Marvin;40
Stefanos;40
The;40
Tam;40
Antti-Matti;40
Elijas;40
Farhan;40
Augustin;40
Nils-Johan;40
Per-Johan;40
Carl-Axel;40
Mikko-Matias;40
Artemi;40
Arturo;40
Wilson;40
Inge;39
Leimu;39
Jeeli;39
Samy;39
Ammar;39
Alari;39
Tord;39
Jaroslav;39
Kilian;39
Son;39
Veli-Markku;39
Lars-Henrik;39
Jurkka;39
Salman;39
Fouad;39
Kurt-Erik;39
Viliam;39
Tapaninpoika;39
Vilmeri;39
Per-Henrik;39
Dung;39
Dage;39
Eren;39
Hannu-Matti;39
Helke;39
Dan-Anders;39
Sinan;39
Eetu-Pekka;39
Tatu-Pekka;39
Bryan;39
Jaso;39
Reguel;39
Sante;38
Henrinpoika;38
Egor;38
An;38
Vilhard;38
Arttu-Pekka;38
Ville-Juhani;38
Esteban;38
Misha;38
Sem;38
Ewert;38
Vennu;38
Antti-Oskari;38
Timotei;38
Juha-Mikko;38
Tariq;38
Eenok;38
Mateus;38
Salih;38
Frejvid;38
Juho-Matias;38
Alfredo;38
Gustavo;38
Haris;38
Piotr;38
Jules;38
Calvin;38
Apollo;38
Jyri-Petteri;38
Simopekka;38
Perttuli;38
Diar;38
Laurent;37
Camilo;37
Ville-Mikko;37
Connor;37
Noam;37
Ewald;37
Mikko-Ville;37
Olli-Heikki;37
Allu;37
Yunus;37
Jere-Petteri;37
Seelim;37
Carl-Oscar;37
Ervin;37
Karl-Olof;37
Eddy;37
Ari-Juhani;37
Christos;37
Carl-Mikael;37
Arash;37
Neil;37
Augustus;37
Feeli;37
Metin;37
Wilbert;37
Sakariye;37
Danil;37
Petterinpoika;37
Caleb;37
Sakri;37
Oki;37
Björn-Erik;36
Kari-Juhani;36
Sverre;36
Janrik;36
Walentin;36
Nima;36
Edi;36
Peitsa;36
Gaius;36
Sandor;36
Raimonpoika;36
Misca;36
Leif-Erik;36
Heppu;36
Tomasz;36
Ville-Eemeli;36
Jarl-Erik;36
Vilgot;36
Bengt-Erik;36
Mauro;36
Zakariya;36
Lars-Eric;36
Kaan;36
Paulinpoika;36
István;35
Miles;35
Aapraham;35
Mirka;35
Samu-Petteri;35
Abner;35
Pyry-Pekka;35
Wei;35
Joas;35
Mats-Erik;35
Christophe;35
Vilbert;35
Jyrinpoika;35
Hossein;35
Isse;35
Aapro;35
Cesar;35
Gia;35
Yasir;35
Rino;35
Ara;35
Gregorius;35
Riccardo;35
Adi;35
Fatih;35
Milad;35
Prince;35
Kaiku;35
Napoleon;35
Faruk;34
Cristoffer;34
Aaret;34
Abdikarim;34
Taher;34
Per-Åke;34
András;34
Olavinpoika;34
Jaki;34
Per-Håkan;34
Pate;34
Ulrich;34
Leonidas;34
Gunnarsson;34
Syed;34
Jan-Gustav;34
Hieu;34
Hilarius;34
Miikanpoika;34
Davin;34
Reipas;34
Nuno;34
Léon;34
Solmu;34
Jared;34
Mustafe;34
Vesa-Petteri;34
Adem;34
Massimo;34
Kadir;34
Salvador;34
Aiden;34
Kris;34
Wiliam;34
Gennadi;34
Juho-Heikki;34
Kari-Tapio;34
Kalle-Petteri;34
Thorbjörn;34
Hamed;34
Mohsen;34
Hjalmari;33
Kotivalo;33
Sumu;33
Jelmeri;33
Raminpoika;33
Khadar;33
Asa;33
Heikki-Pekka;33
Jari-Juhani;33
Kofi;33
Imanuel;33
Kenan;33
Iippo;33
Juho-Ville;33
Khang;33
Lars-Åke;33
Cornelis;33
Binh;33
Le;33
German;33
Manasse;33
Voima;33
Luciano;33
Saman;33
Aro;33
Aurelius;33
Touho;33
Aaroni;33
Juuso-Petteri;33
Enver;33
Milian;33
Théo;33
Tyler;33
Trong;33
Miroslav;33
Maksimus;33
Hao;33
Lam;33
Devin;33
Oleksi;33
Reittu;33
Tani;33
Jouni-Pekka;33
Mattis;33
Halil;33
Aleksej;33
Salvatore;33
Anssinpoika;33
Jüri;33
Salomoni;33
Leonhard;33
Ruudolf;33
Eevald;33
Sinuhe;33
Morten;33
Peetter;33
Rikunpoika;33
Aripekka;32
Berat;32
Sherif;32
Jockum;32
Hanad;32
Nichlas;32
Willhelm;32
Torleif;32
Olli-Jussi;32
Veli-Petri;32
Harun;32
Juha-Markus;32
Cedrik;32
Eiler;32
Alvaro;32
Samson;32
Anteronpoika;32
Cecil;32
Ayuub;32
Jimmie;32
Thai;32
Ville-Veikka;32
Vili-Veikko;32
Kelpo;32
Alpiin;32
Orhan;32
Kaiho;32
Cornelius;32
Sverker;32
Gaabriel;32
Nikki;32
Franco;32
Reinhard;32
Are;32
Tung;32
Äänis;32
Enes;32
Aapram;31
Jaakko-Pekka;31
Wertti;31
Astor;31
Majid;31
Alban;31
Terje;31
Imad;31
Eepi;31
Juha-Ville;31
Alve;31
Nader;31
Nikko;31
Siilas;31
Aunus;31
Shahin;31
Walle;31
Weikko;31
Abdiasis;31
Kassu;31
Veikonpoika;31
Abdikadir;31
Rane;31
Jannis;31
Hendry;31
Abed;31
Wayne;31
Jussipekka;31
Pehr-Erik;31
Gerard;31
Olai;31
Basilius;31
Amine;31
Remus;31
Owe;31
Dion;31
Laurentius;31
Ayoub;31
Erick;31
Fride;31
Rodrigo;31
Sipri;31
Karl-Gunnar;31
Jarre;31
Milos;30
Henno;30
Ailu;30
Farhad;30
Larri;30
Abdisalam;30
Arseni;30
Rodi;30
Antti-Petteri;30
Roald;30
Joonia;30
Samu-Pekka;30
Burhan;30
Anttonio;30
Rick;30
Sepeteus;30
Villehart;30
Yousif;30
Abdirahim;30
Eetu-Oskari;30
Ismet;30
Tanu;30
Olli-Veikko;30
Guillermo;30
Léo;30
Uwe;30
Yrjönpoika;30
Salad;30
Henri-Pekka;30
Viktori;30
Enzio;30
Jun;30
Husein;30
Didrik;30
Umberto;30
Cuong;30
Yann;30
Erkan;30
Veli-Valtteri;30
Terry;30
Michal;30
Tor-Leif;30
Tom-Erik;30
Aryan;30
Sasa;29
Kaj-Olof;29
Saku-Pekka;29
Antonios;29
Veeti-Valtteri;29
Filippus;29
Karl-Mikael;29
Eetvartti;29
Yannick;29
Antti-Veikko;29
Nicodemus;29
László;29
Horst;29
Kerim;29
Nilo;29
Nicola;29
Jackson;29
Mubarak;29
Taru;29
Veli-Markus;29
Yki;29
Howard;29
Faysal;29
Phuc;29
Ulf-Erik;29
Tomás;29
Ming;29
Ismonpoika;29
Nhat;29
Mica;29
Remy;29
Aiman;29
Alexius;29
Austin;29
Filippo;29
Shawn;29
Cristiano;29
Joonas-Petteri;29
Carl-Olof;29
Vincenzo;29
Bore;29
Luqman;29
Ville-Joonas;29
Sacha;29
Gleb;29
Juha-Veikko;29
Sani;29
Bogdan;29
Angus;29
Ansu;29
Clas-Göran;29
Jan-Åke;29
Jori-Pekka;29
Davide;29
Weikka;29
Anssi-Pekka;29
Sergio;29
Uoti;29
Joonathan;29
Anselmo;29
Lauri-Matti;29
Vesa-Jukka;29
Ville-Samuli;29
Vilko;28
Eero-Matti;28
Sami-Petri;28
Pasi-Matti;28
Kalle-Matti;28
Jegor;28
Wai;28
Micah;28
Hans-Olof;28
Nana;28
Ville-Heikki;28
Enis;28
Kåre;28
Juha-Tapio;28
Ville-Waltteri;28
Lasse-Pekka;28
Veli-Martti;28
Ville-Antti;28
Abshir;28
Nils-Olof;28
Akira;28
Kuuno;28
Ponteva;28
Lion;28
Yonis;28
Jukka-Tapio;28
Aleksandar;28
Syväri;28
Franklin;28
Heribert;28
Kjell-Erik;28
Wolmar;28
Matti-Petteri;28
Tarkko;28
Vicente;28
Jani-Markus;28
Dat;28
Rieti;28
Nils-Göran;28
Samulinpoika;28
Mauricio;28
Hossain;28
Valery;28
Veli-Veikko;28
Kai-Kristian;28
Alexandru;28
Naser;28
Ossinpoika;28
Elmi;27
Rudy;27
Merlin;27
Arvin;27
Michail;27
Margus;27
Jethro;27
Mergim;27
Hesekiel;27
Nasim;27
Brendan;27
Wesley;27
Angelos;27
Imre;27
Nuur;27
Abdalla;27
Francois;27
Benyamin;27
Reetrikki;27
Jommi;27
Jarto;27
Freddie;27
Juhopekka;27
Raphaël;27
Amer;27
Kaleb;27
Arn;27
Nolan;27
Vilkas;27
Björnsson;27
Viima;27
Artto;27
Mahir;27
Dmitrij;27
Lillebror;27
Aydin;27
Kai-Markus;27
Musab;27
Rein;27
Mirco;27
Vili-Pekka;27
Armand;27
Silver;27
Abdelaziz;27
Dominique;27
Al;26
Niko-Matti;26
Kamran;26
Atri;26
Karl-Anders;26
Serhat;26
Valerius;26
Desmond;26
Kirka;26
Ramazan;26
Sami-Matti;26
Jiko;26
Karl-Axel;26
Fabio;26
Hoa;26
Liibaan;26
Hubertus;26
Sigge;26
Ensti;26
Mahmud;26
Kale;26
Wincent;26
Björn-Olof;26
Terence;26
Abdikarin;26
Kai-Mikael;26
Espen;26
Juho-Jaakko;26
Goran;26
Aldo;26
Zoltán;26
Florentin;26
Olli-Juhani;26
Ioan;26
Hektor;26
Anterus;26
Edmond;26
Saif;26
Wolf;26
Ezra;26
Rex;26
Abdiqani;26
Alexandro;26
Danilo;26
Miilo;26
Hessu;26
Erkki-Mikael;26
Antti-Eemeli;26
Artin;26
Kim-Erik;26
Veli-Ville;26
Ejvind;26
Ronan;26
Veli-Tapio;26
Oscari;26
Kanervo;26
Silvio;26
Eeri;26
Joni-Markus;26
Kasim;25
Irfan;25
Iouri;25
Awil;25
Tero-Matti;25
Castor;25
Riku-Ville;25
Geoffrey;25
Eyolf;25
Fedor;25
Nikodeemus;25
Alper;25
Carl-Christian;25
Ferhat;25
Guled;25
Cai;25
Nguyen;25
Taave;25
Marcelo;25
Jan-Krister;25
Evgueni;25
Jones;25
Heljo;25
Norbert;25
Klemetti;25
Hamsa;25
Emiliano;25
Juhananpoika;25
Onni-Oskari;25
Jyri-Matti;25
Atilla;25
Thore;25
Russell;25
Arhi;25
Jan-Michael;25
Andi;25
Sandro;25
Per-Anders;25
Karol;25
Lino;25
Reimo;25
Mattia;25
Abdirisaq;25
Kaukonpoika;25
Mickel;25
Joutsi;25
Reda;25
Edouard;25
Ronaldo;25
Saarni;25
Mick;25
Ba;25
Osama;25
Riad;25
Vitaly;25
Nadir;25
Yasser;25
Serge;25
Raunonpoika;25
Siegfried;25
Driss;25
Inari;25
Eeropekka;25
Penna;25
Ringo;25
Iska;25
Craig;25
Miran;25
Dorian;25
Aurelio;25
Fadi;24
Lennon;24
Viacheslav;24
Karrar;24
Hisham;24
Olaus;24
Mumin;24
Mart;24
Ari-Heikki;24
Abubakar;24
Maher;24
Ramadan;24
Marios;24
Jami-Petteri;24
Han;24
Nicolás;24
Nikonpoika;24
Pelle;24
Jeff;24
Alf-Erik;24
Rani;24
Danila;24
Manh;24
Sabah;24
Abdihakim;24
Jonnie;24
Carl-Fredrik;24
River;24
Atenpoika;24
Sten-Erik;24
Viatcheslav;24
Noor;24
A;24
Örjan;24
Phuoc;24
Matts-Erik;24
Mikko-Juhani;24
Abu;24
Eddine;24
Wolter;24
Oliveri;24
Jochen;24
Carol;24
Mathew;24
Timo-Juhani;24
Kaijus;24
Josa;24
Jauri;24
Klas-Erik;24
Thommy;24
Phuong;24
Mirza;24
Antrei;24
Mariano;24
Mahmood;24
Frans-Emil;24
Janne-Juhani;24
Benhard;24
Ales;24
Jan-Christer;24
Hani;24
Wiljo;24
Abdurahman;24
Furkan;24
Ari-Jussi;24
Travis;24
Cem;24
Ako;24
Dinh;24
Jere-Pekka;24
Islam;24
Jörg;24
Roomeo;24
Bayram;24
Dominick;24
Aku-Matti;23
Lloyd;23
Matti-Mikael;23
Phillip;23
Serkan;23
Dang;23
Graham;23
Larsson;23
Vide;23
Vihtor;23
Nuka;23
Muslim;23
Valteri;23
Joninpoika;23
Anthonio;23
Baris;23
Derrick;23
Ari-Petri;23
Jiska;23
Sten-Olof;23
Jerko;23
Loke;23
Velmu;23
Leni;23
Karl-Magnus;23
Tiera;23
Veli-Tapani;23
Arun;23
Tao;23
Tommaso;23
Valtari;23
Ata;23
Haider;23
Phi;23
Leo-Pekka;23
Björnson;23
Clifford;23
Idiris;23
Vasilij;23
Vesa-Petri;23
Nietos;23
Onur;23
Daud;23
Eedvard;23
Kawa;23
Miika-Matias;23
Sakarinpoika;23
Roopert;23
Esa-Petteri;23
Juko;23
Veino;23
Ati;23
Villehad;23
Ebenhard;23
Outi;23
Amon;23
Jakov;23
Yves;23
Henryk;23
Alwin;23
Klas-Göran;23
Robbie;23
Pirkka-Pekka;23
Tiko;23
Ontrei;23
Armi;23
Shane;23
Yan;23
Zakariye;23
Bekim;23
Dana;23
Nando;23
Tommie;23
Diyar;23
Abdurrahman;23
Ossi-Pekka;23
Amjad;23
Kosma;23
Noureddine;23
Karsten;23
Onni-Eemeli;23
Panu-Petteri;23
Ville-Kalle;23
Virmo;22
Kalle-Oskari;22
ben;22
Warsame;22
Frédéric;22
Arviiti;22
Cemal;22
Dexter;22
Fatmir;22
Basil;22
Rohan;22
Ruu;22
Umut;22
Akbar;22
Gunvald;22
Kerem;22
Kari-Petteri;22
Tomek;22
Awad;22
Jerzy;22
Hamse;22
Per-Eric;22
Murad;22
Wiggo;22
M.;22
Lenni-Kalle;22
Jr;22
Evangelos;22
Hanne;22
Abderrahmane;22
Isa;22
Veija;22
Antti-Heikki;22
Veli-Mies;22
Fadil;22
Karl-Göran;22
Mihael;22
Salam;22
Lyly;22
Santino;22
Hatem;22
Khanh;22
Lorens;22
Sami-Ville;22
Karwan;22
Evertti;22
Ram;22
Enso;22
Kaukomieli;22
Khan;22
Marian;22
Kien;22
Rodney;22
Feelix;22
Luigi;22
Tahir;22
Abdimalik;22
Upi;22
Jaakko-Juhani;22
Ridwan;22
Jurij;22
Aage;22
Jan-Håkan;22
Amor;22
Luan;22
Toussaint;22
Vjatseslav;22
Jalle;22
Kwame;22
Rocky;22
Natan;22
Sabri;22
Ramzi;22
Heikki-Juhani;22
Mikel;22
Stig-Johan;22
Kristen;22
Afrim;22
Aran;22
Holgersson;22
Jabbar;22
Naim;22
Semmi;22
Bernd;22
Sadik;22
Nasser;22
Stavros;22
Darren;22
Abdellah;22
Yoonis;21
Carsten;21
Svantte;21
Yosef;21
Latif;21
Lucien;21
Harley;21
Aape;21
Mukhtar;21
Warren;21
Ismari;21
Jaanus;21
Damir;21
Leslie;21
Aadiel;21
Truong;21
Kalle-Antti;21
Isaiah;21
Stanislaw;21
Günther;21
Artunpoika;21
Kai-Petteri;21
Onni-Matias;21
Sivert;21
Eino-Juhani;21
Tiger;21
Joni-Petri;21
Jan-Magnus;21
Sami-Jukka;21
Ashraf;21
Serafim;21
Cheng;21
Jeriko;21
François;21
Alwar;21
Dominicus;21
Renni;21
Adriano;21
Zachris;21
Matt;21
Orvar;21
Joël;21
János;21
Jukka-Petri;21
Burak;21
Alen;21
Matheus;21
Tauri;21
Sami-Jussi;21
Tarmonpoika;21
Lari-Matti;21
Edin;21
Yaw;21
Gregor;21
Ollimatti;21
Eino-Pekka;21
Jalal;21
Esajas;21
Veli-Pentti;21
Juho-Oskari;21
Hans-Göran;21
Matvey;21
Jere-Matti;21
Joosia;21
Eskeli;21
Liiban;21
Mikaelsson;21
Phat;21
Agim;21
Albion;21
Amit;21
Jooas;21
Lotfi;21
Wäinämö;21
Wilton;21
Rocco;21
Todd;21
Egzon;21
Kaaleppi;21
Niro;21
Zakari;21
Marko-Tapani;21
Carl-Göran;21
Aleksinpoika;21
Timo-Matti;21
Tomsson;21
Hicham;21
Marino;21
Fidel;21
Lowe;21
Yassine;21
Anttijussi;21
Bradley;21
Uriel;21
Sang;21
Sándor;21
Mihkel;21
Thang;21
Vesa-Ville;21
Anis;21
Rodion;21
Süleyman;21
Elsayed;21
Hunter;21
Jibril;20
Tamer;20
Juho-Kusti;20
Damon;20
Ilves;20
Reni;20
Abbe;20
Trevor;20
Kaj-Mikael;20
Vili-Verneri;20
Amiin;20
Joackim;20
Béla;20
Indrek;20
Jafar;20
Mitchell;20
Pawel;20
Ewan;20
Zion;20
Aldin;20
Zaki;20
Eelovi;20
Kalevinpoika;20
Ka;20
Vittorio;20
Umar;20
Aweis;20
Yussuf;20
Vellu;20
Eldin;20
Jesus;20
Juusonpoika;20
Väinämöinen;20
Tadeusz;20
Toby;20
Toive;20
João;20
Tancred;20
Hannu-Heikki;20
Olli-Mikko;20
Gholam;20
Wilfred;20
Marko-Juhani;20
Ignacio;20
Mustaf;20
Kari-Jukka;20
Panunpoika;20
Fahad;20
Leroy;20
Henrikinpoika;20
Péter;20
Abdiwali;20
Ilhan;20
Ilkka-Kristian;20
Carl-Anton;20
Ville-Hermanni;20
Joan;20
Maks;20
Sirwan;20
Velimies;20
Alireza;20
Ezekiel;20
Grels;20
Hashi;20
Kanerva;20
Onnimanni;20
Mason;20
Dany;20
Micky;20
Boy;20
Hemi;20
Muse;20
Emrah;20
Jan-Olav;20
Malek;20
Mohamoud;20
Rafik;20
Noël;20
Olli-Ville;20
Hamdi;20
Rodolfo;20
Kouta;20
Pascal;20
Teljo;20
Cevin;20
Iisai;20
Jeemi;20
Mete;20
Robinson;20
Carl-Anders;20
Pohto;20
Abdulle;20
Abdillahi;20
Keijonpoika;20
Tai;20
Matti-Jussi;20
Mischa;20
Jakub;20
Yuusuf;20
Aramis;20
Nils-Eric;20
Taylor;20
Juha-Jaakko;20
Blake;20
Domenico;20
Josiah;20
Youcef;20
Seif;20
Clark;20
Geir;20
Birgersson;19
Kieran;19
Ferenc;19
Nikos;19
Timka;19
Jan-Sebastian;19
Andrè;19
Jude;19
Raffaele;19
Ardian;19
Aleksandros;19
Abdelkader;19
Tommo;19
Duncan;19
Etienne;19
Nipa;19
Marcello;19
Rui;19
Sakeus;19
Teemu-Petteri;19
Muhamad;19
Artan;19
Göransson;19
Sidney;19
Set;19
Jaarli;19
Kalev;19
Rafi;19
Dai;19
Miro-Matias;19
Rogert;19
Najib;19
Demian;19
Erkki-Juhani;19
Yu;19
Jan-Emil;19
Jahn;19
Ansio;19
Jere-Matias;19
Niilonpoika;19
Ari-Mikko;19
Atos;19
Carl-Wilhelm;19
Otonpoika;19
Venner;19
Rebwar;19
Caro;19
Chun;19
Kalle-Juhani;19
Kareem;19
Karl-Anton;19
Juho-Tuomas;19
Torkel;19
Firas;19
Iko;19
Hille;19
Ebrima;19
Johan-Erik;19
Amandus;19
Cajus;19
Kit;19
Nhut;19
Jaber;19
Väiski;19
Esapekka;19
Akim;19
Frederic;19
Logan;19
Teijonpoika;19
Jofiel;19
Luc;19
Kasten;19
Kalle-Ville;19
Nataniel;19
Jan-Ola;19
Meelis;19
Vili-Veikka;19
Wali;19
Bin;19
Kelvin;19
Theodoros;19
Soni;19
Maksimilian;19
Antti-Mikael;19
Spencer;19
Kai-Pekka;19
Fionn;19
Hassen;19
Per-Göran;19
Kaimo;19
Jesse-Petteri;19
Pami;19
Ville-Aleksi;19
Sadiq;19
Cristopher;19
Demir;19
Mickey;19
Antonis;19
Abdulkarim;19
Hilpi;18
Mika-Juhani;18
Georgy;18
Auku;18
Muhsin;18
Valon;18
Kie;18
Xander;18
Haji;18
Raj;18
Andrzej;18
Knutsson;18
Sabir;18
Jaafar;18
Khoa;18
Antti-Jaakko;18
Joona-Petteri;18
Esu;18
Prasad;18
Aivar;18
Utria;18
Cyril;18
Emeka;18
Mano;18
Almer;18
Onni-Kalle;18
Mikaël;18
Ropi;18
Gaston;18
Teemu-Pekka;18
Sakunpoika;18
Bo-Anders;18
Mikko-Oskari;18
Panagiotis;18
Kosmos;18
Fahim;18
Tamás;18
Cristofer;18
Ayhan;18
Arkadi;18
Peeti;18
Tommi-Petteri;18
Ghulam;18
Abdiweli;18
Bengtsson;18
Collin;18
Arkan;18
Patricio;18
Marno;18
Jayson;18
Wojciech;18
Dima;18
Eden;18
Onni-Matti;18
Ukkopekka;18
Vanja;18
Arin;18
Gudmund;18
Lajos;18
Junno;18
Repe;18
Campbell;18
Khalif;18
Noé;18
Juho-Mikko;18
Timo-Petteri;18
Jari-Heikki;18
Josias;18
Mansour;18
Kaaprieli;18
Shaun;18
Dilan;18
Lambert;18
Antamo;18
Eelia;18
Abdelkarim;18
Vento;18
Adrien;18
Jonte;18
Ekrem;18
Ebrahim;18
Veijonpoika;18
Ambrosius;18
Salar;18
Elie;18
Arben;18
Asto;18
Fingal;18
Min;18
Oska;18
Abdishakur;18
Ikenna;18
Günter;18
Sven-Åke;18
Gottfried;18
Kallas;18
Kalle-Eemeli;18
Torstensson;18
Jan-Patrik;18
Fedja;18
Timo-Tapio;18
Ansgarius;18
Sven-Ole;18
Juuso-Pekka;18
Allari;18
Cary;18
Kiet;18
Ilkka-Pekka;18
Nehemia;18
Tane;18
Dirk;18
Jimmi;18
Alois;18
Emad;18
Kari-Jussi;18
Vasily;18
Abdulqadir;18
Vesamatti;18
Amadou;18
Eemili;18
Almir;18
Dariush;18
Gabriele;18
Tyson;17
Esra;17
Valmari;17
Ari-Ville;17
Vinha;17
Arwid;17
Fenix;17
Bo-Johan;17
Quan;17
Aris;17
Niko-Petri;17
Tawan;17
Firat;17
Iqbal;17
Jesse-Pekka;17
Alpert;17
Grant;17
Yousuf;17
Claudius;17
Dimitris;17
Adalbert;17
Clarence;17
Cole;17
Félix;17
Toan;17
Aaronpoika;17
Toni-Markus;17
Ghassan;17
Immu;17
Masud;17
Ville-Jussi;17
Jaripekka;17
Jehki;17
Axeli;17
Jusuf;17
Deng;17
Mertzi;17
Soran;17
Jawad;17
Sigismund;17
Mourad;17
Leonpoika;17
Casmir;17
Karl-Fredrik;17
Suleyman;17
Ziad;17
Eetvi;17
Reine;17
Samuele;17
Akke;17
Ville-Pertti;17
Villematti;17
Pär-Erik;17
Mats-Johan;17
Alrik;17
Harding;17
Babak;17
Finlay;17
Kristof;17
Arndt;17
Hagi;17
Kössi;17
Tiago;17
Paris;17
Anatoly;17
Mursal;17
Aato;17
Berk;17
Besnik;17
Atef;17
Hari;17
Sorjo;17
Grigory;17
Kajus;17
Ari-Veikko;17
Martinus;17
Alonso;17
Abdullaahi;17
Helmuth;17
Jasim;17
Randy;17
Markku-Juhani;17
Bujar;17
Pavlos;17
Ignatius;17
Lars-Ole;17
León;17
Salmaan;17
Faris;17
Righard;17
Villeveikko;17
Oski;17
Kajo;17
Mikhael;17
Cian;17
Karl-Emil;17
Rami-Pekka;17
Joao;17
Oulas;17
Jöran;17
Barry;17
Eben;17
Josse;17
Masoud;17
Kaarne;17
Peikko;17
Obinna;17
Erko;17
Quentin;17
Raed;17
Issa;17
Htoo;17
Piera;17
Giulio;17
Nour;17
Ares;17
Bengt-Johan;16
Shahid;16
Abdirahmaan;16
Markku-Pekka;16
Ario;16
Karam;16
Klemens;16
Martino;16
Bennet;16
Lars-Anders;16
Ugur;16
Maximiliam;16
Sergej;16
Veli-Kalle;16
Shwan;16
Petu;16
Maximo;16
Joni-Mikael;16
Ekke;16
Ege;16
Semir;16
Wing;16
Wen;16
Cengiz;16
Rebin;16
Abdukadir;16
Duong;16
Joaquim;16
Laurence;16
Ville-Vesa;16
Antti-Jukka;16
Anakin;16
Lauri-Juhani;16
Petri-Juhani;16
Willi;16
Mihai;16
Odd;16
Mir;16
Kuno;16
Sunny;16
Maxi;16
Munir;16
Yuri;16
Jarkko-Pekka;16
M;16
Mahmut;16
Rupert;16
Mihku;16
Nesta;16
Hany;16
Arviid;16
Jocke;16
Ejnar;16
Hermes;16
Mishka;16
Sturle;16
Morad;16
Abdelrahman;16
Aabram;16
Aarnenpoika;16
Lex;16
Mathieu;16
Richardo;16
Serdar;16
Christiaan;16
Jan-Robert;16
Mounir;16
Otto-Oskari;16
Torgny;16
Putte;16
Petar;16
Ion;16
Joannis;16
Sascha;16
Bajram;16
Brett;16
Vänni;16
Meo;16
Man;16
Emiel;16
Krzysztof;16
Raman;16
Arto-Pekka;16
Jens-Erik;16
Alaa;16
Gavin;16
Abdulgadir;16
Saleban;16
Joni-Juhani;16
Okan;16
Seán;16
Simo-Petteri;16
Seet;16
Akif;16
Lars-Gunnar;16
Luuka;16
Safet;16
Nuri;16
Santero;16
Aras;16
Iman;16
Nghia;16
Noeli;16
Thorsten;16
Áron;16
Aadi;16
Byron;16
Joonaksenpoika;16
Yaroslav;16
Salo;16
Veli-Hannu;16
Pieter;16
Haydar;16
Walton;16
Phu;16
Ensar;16
Krishna;16
Kingsley;16
Tran;16
Dietrich;16
Arssi;16
Eros;16
Åkesson;16
Shire;16
Bülent;16
Juha-Erkki;16
Samu-Ville;16
Kunnar;16
Hilpas;16
Ville-Sakari;16
Vilpert;16
Kadhim;16
Savva;16
Ihsan;16
Bobby;16
Ehsan;16
Teponpoika;16
Anttipekka;16
Huima;16
Age;16
Armend;16
Lucius;16
Sebastián;16
Kwabena;16
Iipo;16
Kai-Eerik;16
De;16
Lars-Ove;16
Noak;16
Rae;16
Sofiane;16
Lars-Peter;16
Elieser;16
Agathon;16
Juho-Kalle;16
Gunhard;16
Örnulf;16
Simi;15
Markkus;15
Ilponpoika;15
Aku-Ville;15
Didier;15
Pedram;15
Volkan;15
Yakup;15
Kamu;15
Juniori;15
Renato;15
Qasim;15
Adrián;15
Tuomaksenpoika;15
Ivanov;15
Momodou;15
Rauf;15
Edoardo;15
Cody;15
Jian;15
Hansi;15
Uddin;15
Sameer;15
Andriy;15
Jontte;15
Pertunpoika;15
Saber;15
Juhannes;15
Karl-Kristian;15
Marley;15
Rinor;15
Jacek;15
Leijonamieli;15
Rida;15
Alonzo;15
Juha-Veli;15
Wilhard;15
Toni-Matti;15
Ollie;15
Sami-Antti;15
Davy;15
Magnusson;15
Elyas;15
Jari-Antti;15
Zoltan;15
Vi;15
Toni-Petri;15
A.;15
Saki;15
Jesaja;15
Edel;15
Istvan;15
Peteri;15
Albanus;15
Avni;15
Chau;15
Lothar;15
Raad;15
Vesa-Veikko;15
Besim;15
Gregorio;15
Juusa;15
Hans-Christian;15
Ransu;15
Heikki-Matti;15
Kiri;15
Erkka-Pekka;15
Paul-Henrik;15
Louie;15
Rahul;15
Aki-Petri;15
Zaid;15
Edon;15
Santos;15
Marttin;15
Heiner;15
Kassius;15
Lassinpoika;15
Ykä;15
Bashiir;15
Make;15
Krisse;15
Erkki-Pekka;15
Erdal;15
Vernon;15
Arlo;15
Hedi;15
Sharmarke;15
Andersson;15
Jesse-Joonas;15
Sid;15
Tatu-Matti;15
Viimo;15
Benno;15
Eeno;15
Jari-Markus;15
Bekir;15
Waleed;15
Cooper;15
Erfan;15
Sepastian;15
Karhu;15
Fikret;15
Yonatan;15
Yacine;15
Olofsson;15
Storm;15
Tin;15
Perttyli;15
Valdo;15
Gottlieb;15
Arte;15
Idor;15
Sylvain;15
Arton;15
Dale;15
Veli-Jaakko;15
Yilmaz;15
Heikki-Tapio;15
Jermo;15
Roderick;15
Usama;15
Araz;15
Mattus;15
Emel;15
Toni-Mikael;15
Mika-Markus;15
Moustafa;15
Abderrahim;15
Alef;15
Zackarias;15
Jani-Mikael;15
Juha-Tapani;15
Roberth;15
Kwaku;15
Aman;15
Eewert;15
Panu-Pekka;15
Roki;15
Jani-Juhani;15
Sabit;15
Hjalte;15
Janko;15
Muharrem;15
Bengt-Olof;15
Kaj-Gunnar;15
Onerva;15
Abdulaziz;15
Osmonpoika;15
Ho;15
Samer;15
Buster;15
Tonny;15
Batu;15
Clement;15
Miiku;15
Carl-Michael;15
Fadel;15
Saamuel;15
Bernardo;15
Muuse;15
Senad;15
Benito;15
Ilan;14
Sakkeus;14
Art;14
Jallu;14
Ebenezer;14
Josu;14
Leif-Johan;14
Tu;14
Zeb;14
Antonino;14
Axu;14
Stig-Ole;14
Usman;14
Ilyes;14
Joah;14
Paju;14
Visa-Pekka;14
Mac;14
Giorgio;14
Humberto;14
Adolfo;14
Jukka-Tapani;14
Kaj-Johan;14
Onni-Ilmari;14
Tomer;14
Ingo;14
Vanamo;14
Antti-Tapio;14
Kaj-Gustav;14
Nazar;14
Pette;14
Lennox;14
Augustinus;14
Vesa-Tapio;14
Yavuz;14
Hiwa;14
Teoman;14
Miitrei;14
Iro;14
Jeton;14
Anttoo;14
Ozan;14
Utu;14
Alexsanteri;14
Riley;14
Jann;14
Auli;14
Toni-Kristian;14
Tarkan;14
Amr;14
Anatolij;14
Muhiadin;14
Rai;14
Alistair;14
Juha-Mikael;14
Antrea;14
Ulfsson;14
Mesut;14
Miika-Markus;14
Bassam;14
Finley;14
Herrick;14
Willhard;14
Reinonpoika;14
Vicktor;14
Richart;14
Filipe;14
Benja;14
Roihu;14
Haitham;14
Ryszard;14
Talib;14
Kojo;14
Guy-Erik;14
Marcin;14
Antti-Mikko;14
Thord;14
Cassius;14
Karan;14
Jon-Erik;14
Wahab;14
Leandro;14
Saveli;14
Tuukanpoika;14
Jacobus;14
Sameh;14
Melchior;14
Eberhard;14
Aki-Jussi;14
Henrique;14
Ele;14
Rasheed;14
Nils-Henrik;14
Jean-Paul;14
Jobi;14
Raivo;14
Romano;14
Sefania;14
Ville-Tapio;14
Liekki;14
Cao;14
Villemarkus;14
Jusef;14
Vitalis;14
Abdirazak;14
Ilarinpoika;14
Juhomatti;14
Alvian;14
Esamatti;14
Veli-Erkki;14
Cyrus;14
Sardar;14
Fatah;14
Yohannes;14
Saku-Matti;14
Alaric;14
Arion;14
Hugh;14
Reuben;14
San;14
Carmelo;14
Nico-Petteri;14
Pehr-Olof;14
Timo-Tapani;14
Doni;14
Erkki-Jussi;14
Muhumed;14
Piko;14
Stewart;14
Sina;14
Steffen;14
Bedri;14
Jie;14
Kaj-Henrik;14
Jari-Tapio;14
Ousman;14
Kang;14
Bile;14
Ishak;14
Ossi-Petteri;14
Asif;14
Majed;14
Mihhail;14
Yang;14
Dawit;14
Juho-Eemil;14
Besart;14
Lars-Mikael;14
Kuu;14
Harro;14
Casperi;14
Amiel;14
Pjotr;14
Timo-Jukka;14
Joaquin;14
Magne;14
Arkko;14
Ville-Verneri;14
Turjo;14
Abdellatif;14
Perry;14
Chukwuemeka;14
Arbnor;14
Matti-Oskari;14
Vallu;14
Semen;14
Eddi;14
Jhonny;14
Carlsson;14
Hesham;14
Jonttu;14
Ulf-Peter;14
Gael;14
Oktay;14
Ruurik;14
Tempo;14
Kamel;14
Antti-Olavi;14
Aly;14
Behzad;13
Timo-Jussi;13
Weli;13
Haron;13
Margo;13
Zana;13
Kalle-Veikko;13
Olli-Tapio;13
Abdoulie;13
Ralf-Erik;13
Vikki;13
Semih;13
Jarl-Olof;13
Kiran;13
Abid;13
Gennady;13
Lucian;13
Shaker;13
Orjo;13
Dogan;13
Auri;13
Nael;13
Conor;13
Öjvind;13
Aihe;13
Antti-Matias;13
Sikstus;13
Hayder;13
Wael;13
Tommi-Pekka;13
Hans-Henrik;13
Lars-Gustav;13
Akam;13
S.;13
Ananda;13
Agron;13
Henrick;13
Anse;13
Bo-Gustav;13
Hien;13
Ilir;13
Platon;13
Alwan;13
Gani;13
Simone;13
Ben-Erik;13
Timon;13
Otto-Emil;13
Wisam;13
Alieu;13
Thiago;13
Pena;13
Husam;13
Esa-Tapio;13
Martti-Mikael;13
Asterix;13
Arpia;13
Egert;13
Adonis;13
Arie;13
Boes;13
César;13
Marko-Mikael;13
Antti-Einari;13
Gino;13
Ville-Tapani;13
Matsson;13
Dániel;13
Faton;13
Samba;13
Juha-Pertti;13
Ortamo;13
Olli-Antti;13
Villepekka;13
Eijo;13
Henkka;13
Vedat;13
Aldur;13
Aret;13
Linh;13
Rolf-Erik;13
Teofiilus;13
Eetu-Matti;13
Jannik;13
Tero-Petteri;13
Aso;13
Nehemias;13
Ravi;13
Topi-Matti;13
Abdelmajid;13
Hamilton;13
Tian;13
Ümit;13
Matthieu;13
Onni-Petteri;13
Niillas;13
Gökhan;13
J;13
Modou;13
Saeid;13
Bjørn;13
Ila;13
Kader;13
Csaba;13
Jari-Jussi;13
Udo;13
Ellis;13
Mehran;13
Emrik;13
Hamish;13
Olli-Oskari;13
Onnipekka;13
Raiko;13
Yahia;13
Jesse-Juhani;13
Joona-Pekka;13
Kim-Johan;13
Mara;13
Joppe;13
Nandor;13
Ilmarinen;13
Eetu-Ville;13
Henrynpoika;13
Rory;13
Aleksanter;13
Petersson;13
Mokhtar;13
Teppana;13
Iiro-Pekka;13
Randolf;13
Taunonpoika;13
Christiansson;13
Arlind;13
Per-Ove;13
Danel;13
Fridolin;13
Jino;13
Tuong;13
Hashem;13
Karipekka;13
Alpin;13
Heikka;13
Jouni-Matti;13
Rhys;13
Arber;13
Falah;13
Leanteri;13
Levent;13
Eka;13
Väinönpoika;13
Rain;13
Folkern;13
Sanjay;13
Win;13
Vyacheslav;13
Saleem;13
Amaru;13
Carl-Emil;13
Enrik;13
Christo;13
Fox;13
Willjam;13
Villem;13
Ibn;13
Nahuel;13
Kasem;13
Janis;13
Mohan;13
Vasilios;13
Arri;13
Kai-Juhani;13
Caesar;13
Einonpoika;13
Emran;13
Hamzah;13
Sven-Eric;13
Sattar;13
Maarten;13
Otto-Eemeli;13
Rei;13
Reo;13
Ville-Tuomas;13
Kami;13
Bahman;13
Chung;13
Esam;13
Kalid;13
Rostislav;13
Mentor;13
Gerd;13
Luiz;13
Esa-Petri;13
Hamze;13
Juho-Erik;13
Halvar;13
Chandra;13
Jael;13
Jurva;13
Jasmin;13
Håkansson;13
Meir;13
Patu;13
Merri;13
Niklaus;13
Mubashir;13
Per-Ola;13
Gonzalo;13
Teri;13
Tero-Tapio;13
Anastasios;13
Henri-Mikael;13
Kim-Henrik;13
Jasir;13
Kaaperi;13
Kyöstinpoika;13
Kaapre;12
Hamad;12
Gábor;12
Muhannad;12
Christiano;12
Frits;12
Juho-Veikko;12
Bo-Gunnar;12
Siinto;12
Adnaan;12
Master;12
Marinus;12
Mowlid;12
Marko-Petteri;12
Olliver;12
Soheil;12
Siivertti;12
Jekku;12
Kaj-Kristian;12
Sarmad;12
Sony;12
Suune;12
Asher;12
Ellert;12
Eugenio;12
Lembit;12
Jani-Kristian;12
Aren;12
Auvonpoika;12
Halim;12
Ibraahim;12
Saulinpoika;12
Tyyko;12
Ville-Veli;12
Antti-Ilari;12
Juha-Markku;12
Liang;12
Declan;12
Kaaleb;12
Karzan;12
Vesseli;12
Veli-Antero;12
Nyrki;12
Anil;12
Agostino;12
Maurizio;12
Iise;12
Matti-Veikko;12
Donatus;12
Muscab;12
Velinpoika;12
Thobias;12
Raúl;12
Hilmi;12
Mansur;12
Oleksandr;12
Raza;12
Samo;12
Asse;12
Bashar;12
Engin;12
Mikaelinpoika;12
Tawfik;12
Veli-Tuomas;12
Roope-Oskari;12
Franck;12
Jyri-Petri;12
Matti-Esko;12
Dong;12
Nadim;12
Dmytro;12
Jaspar;12
Mikolas;12
Petri-Mikael;12
Nabeel;12
Farouk;12
Jere-Juhani;12
Joni-Kristian;12
Mika-Erik;12
Selmi;12
Suhaib;12
Augustine;12
Kaarl;12
Bahram;12
Masood;12
Jico;12
Veeli;12
Vexi;12
Rainier;12
Melik;12
Kaarel;12
Pether;12
Thorleif;12
Arttu-Eemeli;12
Fitim;12
Tibor;12
Juho-Aleksi;12
Marko-Pekka;12
Yaqub;12
Petrov;12
Alje;12
Jia;12
Joopi;12
Wladyslaw;12
Dmitrii;12
Leart;12
Othman;12
Abdelhamid;12
Nooke;12
Berthold;12
Manunpoika;12
Mikka;12
Santi;12
Valentine;12
Assari;12
Hiep;12
Jan-Martin;12
Taoufik;12
Zebastian;12
Atte-Oskari;12
John-Eric;12
Jan-Fredrik;12
Juha-Martti;12
Simo-Samuli;12
Nazir;12
Mihkal;12
Sergiy;12
Anthoni;12
Dome;12
Ashton;12
Tanel;12
Waldo;12
Kaveh;12
Kushtrim;12
Ilija;12
Iironpoika;12
Rainerinpoika;12
Janne-Markus;12
Lassi-Matti;12
Wladimir;12
Ghazi;12
Ilyaas;12
Signar;12
Andrus;12
Asaad;12
Jari-Juha;12
Aurinko;12
Guillaume;12
Karl-August;12
Teuvonpoika;12
Earl;12
Hoai;12
Timo-Heikki;12
Emmanuil;12
Joona-Matias;12
Nickolas;12
Martimo;12
Wyatt;12
Öyvind;12
Ikechukwu;12
Jakim;12
Elwin;12
Anseli;12
Aurel;12
Otro;12
Randolph;12
Kille;12
Ruska;12
Kiminpoika;12
Stian;12
Beni;12
Jari-Mikko;12
Arild;12
Migael;12
Reno;12
Kalle-Valtteri;12
Filiph;12
Jussi-Heikki;12
Juha-Tuomas;12
Ari-Juha;12
Siim;12
Hilari;12
Achilles;12
Agustin;12
Germund;12
Nic;12
Nihat;12
Nhan;12
Mirsad;12
Alpha;12
Carl-Oskar;12
Jasmo;12
József;12
Mitjo;12
Peetro;12
Haroun;12
Wibe;12
Bertelsson;12
Edison;12
Khac;12
Rikumatti;12
Zeki;12
Chinedu;12
Fathi;12
Kettil;12
Maininki;12
Teno;12
Esa-Jussi;12
Kalle-Kustaa;12
Randall;12
Vilius;12
Denny;12
Toni-Tapio;12
Jarek;12
Luucas;12
Saabir;12
Eera;12
Etvi;12
Li;12
Hayden;12
Imraan;12
Kjell-Ove;12
Akil;12
Zahir;12
Ruupert;12
Casey;12
Khaalid;12
Tyrsky;12
Lamine;12
Jochum;12
Abdihamid;12
Alon;12
Farzad;12
Granit;12
Jussi-Mikko;12
Eero-Veikko;12
Lin;12
Dardan;11
Efosa;11
Veli-Matias;11
Rebaz;11
Jeremie;11
Nizar;11
Jori-Matti;11
Arsen;11
Sami-Kristian;11
Jusse;11
Salu;11
Thor-Björn;11
Avraham;11
Enar;11
Erion;11
Vinsent;11
Bakhtiar;11
Otieno;11
Mihka;11
Sohrab;11
Larbi;11
Anand;11
Kostian;11
Samsa;11
Otto-Petteri;11
Vlad;11
Aapo-Matti;11
Din;11
Arel;11
Iljas;11
Saulus;11
Yaseen;11
Gérard;11
Lare;11
Jannu;11
Eyvind;11
Miro-Petteri;11
Shayan;11
Nevzat;11
Vitaliy;11
Amadeo;11
Ramil;11
Miikka-Matias;11
Márton;11
Onni-Elmeri;11
Savas;11
Tomi-Matti;11
Ugochukwu;11
Jani-Jukka;11
Rowan;11
Amani;11
Aslakki;11
Onervo;11
Woitto;11
Athanasios;11
Sai;11
Laszlo;11
Miika-Petteri;11
Matti-Tapio;11
Aappi;11
Ingmarsson;11
Leo-Matti;11
Kid;11
Namir;11
Jace;11
Yaxye;11
Zuhair;11
Erni;11
Moussa;11
Tini;11
Vilkku;11
Bo-Håkan;11
Mika-Tapani;11
Vasama;11
Vesa-Valtteri;11
Jonnenpoika;11
Jan-Stefan;11
Tomppa;11
Indigo;11
Jorgos;11
Ozzy;11
Shakir;11
Mamadou;11
Floyd;11
Marat;11
Nante;11
Jaroslaw;11
Pau;11
Kwok;11
Gian;11
Jimy;11
Tor-Alf;11
Pan;11
Eldar;11
Jad;11
Huvi;11
Kaj-Ole;11
Camillo;11
Fuaad;11
Aapel;11
Eetvart;11
Oren;11
Ennio;11
Bailey;11
Knuut;11
Najim;11
Quinn;11
Stellan;11
Edson;11
Blerim;11
Emilian;11
Quy;11
Sayd;11
Harris;11
Apollon;11
Kultimo;11
Wah;11
Mikko-Tapio;11
Daan;11
Navid;11
Auer;11
Juuso-Matias;11
Omed;11
Anttony;11
Yoel;11
Sipo;11
Emanuele;11
Jari-Veikko;11
Lei;11
Jotaarkka;11
Miika-Matti;11
Jussi-Joonas;11
Nadeem;11
Tankred;11
Eilert;11
Jyrki-Pekka;11
Maunus;11
Urbanus;11
Sedat;11
Arttu-Oskari;11
Ihab;11
Rolfsson;11
Kert;11
Mika-Tapio;11
Kapriel;11
Olli-Kalle;11
Reddy;11
Jerenpoika;11
Jericho;11
Jerico;11
Bart;11
Dimi;11
Andree;11
Anshelmi;11
Dan-Olof;11
Diako;11
Gazmend;11
Abdiwahab;11
Roopenpoika;11
Jan-Henry;11
Kebba;11
Simo-Santeri;11
Yuan;11
Herpertti;11
Ifeanyi;11
Thinh;11
Sadi;11
Ranjit;11
Evind;11
Kane;11
Mamdouh;11
Sky;11
Aleksey;11
Marshall;11
Sun;11
Abdou;11
Iivana;11
Villy;11
Esmail;11
Klaus-Erik;11
Orma;11
Jarimatti;11
Kim-Peter;11
Marten;11
Levente;11
Pave;11
Visa-Matti;11
Jaakko-Matti;11
Nils-Gustav;11
Chan;11
Visar;11
Florent;11
Kalle-Markus;11
Matte;11
Mikkal;11
Veele;11
Topi-Pekka;11
Abdulaahi;11
Moshe;11
Vinsentti;11
Sebastiano;11
Loui;11
Deni;11
Penja;11
Tayfun;11
Ville-Mikael;11
Geronimo;11
Timo-Veikko;11
Shah;11
Kamau;11
Saiid;11
Timofey;11
Kai-Petri;11
Gamal;11
Kaarlonpoika;11
Kweku;11
Aristoteles;11
Bashkim;11
Karri-Pekka;11
Ashley;11
Sherzad;11
Steffan;11
Alawi;11
Fehmi;11
Esko-Juhani;11
Gunnarson;11
Iiska;11
Lulzim;11
Émil;11
Avi;11
Maximilien;11
Oso;11
Rock;11
Seikko;11
Tong;11
Eleasar;11
Bosson;11
Albiinus;11
Thierry;11
Zakarie;11
Rey;11
Nii;11
Jarkko-Juhani;11
Sankari;11
Kari-Veikko;11
Jesse-Matias;11
Gillis;11
Jan-Roger;11
Tuli;11
Zaya;11
Niikko;11
Tex;11
Ari-Tapani;11
Tatunpoika;11
Veli-Viljami;11
Wenzel;11
Khalaf;11
Revontuli;11
Dmitriy;11
Taras;11
Kastriot;11
Lahcen;11
Isman;11
Atanas;11
Haci;11
Tom-Johan;11
Kain;11
Simo-Matti;11
Sipan;11
Sulaiman;11
Giacomo;11
Gianni;11
Koda;11
Mateusz;11
Nio;11
Henriksson;11
Abas;11
Eyal;11
Jin;11
Roshan;11
Everett;11
Kari-Antti;11
Jonne-Pekka;11
Sead;11
Vahid;11
Badr;11
Karrinpoika;11
Moalim;11
Yaser;11
Shahram;11
Emmett;11
Miko-Matias;11
Sunil;11
Maltti;11
Seamus;11
Vaalimo;11
Jaapo;11
Nils-Åke;11
Vesa-Antti;11
Johanni;11
Talvi;11
Lo;11
Ayrton;11
Erdem;11
Ilai;11
Gianluca;10
Javad;10
Siro;10
Volodymyr;10
Antti-Olli;10
Lorik;10
Nero;10
Osvaldo;10
Anssi-Petteri;10
Sefer;10
Topinpoika;10
Toralf;10
Fares;10
Jahangir;10
Nuuk;10
Seppo-Ilmari;10
Abdelghani;10
Dastan;10
Seve;10
Yoav;10
Benn;10
Davi;10
Iker;10
Endrit;10
Jonathon;10
Samiel;10
Ragnarsson;10
Ánte;10
Daoud;10
Faik;10
Zoran;10
Gil;10
Raja;10
Orson;10
Antti-Sakari;10
Archie;10
Arje;10
Optatus;10
Aadan;10
Almar;10
Teudor;10
Eiric;10
Santtu-Pekka;10
Vesa-Mikko;10
Agon;10
Rautia;10
Carson;10
Gregori;10
Saed;10
Tahar;10
Sahin;10
Kristeri;10
Samatar;10
Talha;10
Toivonpoika;10
Ansel;10
Karimatti;10
Niko-Kristian;10
Mikko-Samuli;10
Okke;10
Shlomo;10
Flego;10
Lior;10
Eitan;10
Jemil;10
Jukka-Antero;10
Einojuhani;10
Abdulhamid;10
Edwart;10
Everi;10
Munasar;10
Alku;10
Leif-Åke;10
Danyal;10
Zafer;10
Phung;10
Samponpoika;10
Erjo;10
Bedirhan;10
Eeles;10
Uskali;10
Callum;10
Arimatti;10
Cihan;10
Eber;10
Gabor;10
Hartvig;10
Puja;10
Roni-Petteri;10
Yukio;10
Hannu-Tapio;10
Miclas;10
Sulayman;10
Sunday;10
Vassili;10
Akatius;10
Dalton;10
Guennadi;10
Lumi;10
Ayad;10
Ruurikki;10
Widar;10
Laine;10
Niko-Joonas;10
Köpi;10
Jussi-Tuomas;10
Jussi-Ville;10
Fredrikki;10
Ramesh;10
Bengt-Göran;10
Eero-Oskari;10
Ayanle;10
Hardi;10
Slava;10
Aimonpoika;10
Ants;10
Zsolt;10
Arpo;10
Hafidh;10
Ingbert;10
Kim-Mikael;10
Aapa;10
Anatole;10
Khamis;10
Abdihakin;10
Bo-Henrik;10
Barham;10
Klaes;10
Jamin;10
Yong;10
Ekko;10
Even;10
Kadri;10
Roo;10
Gustav-Adolf;10
Ibrahima;10
Olli-Matias;10
Sami-Mikael;10
Amatus;10
Mosku;10
Muad;10
Pauli-Petteri;10
Phoenix;10
Ramiz;10
Auguste;10
Cédric;10
Maunonpoika;10
Soe;10
Somchai;10
Yusef;10
Essa;10
Rémi;10
Erhan;10
Juho-Kustaa;10
Kaipio;10
Sefanja;10
Keanu;10
Eelu;10
Josep;10
Vellamo;10
Eelon;10
Ike;10
Jerkka;10
Kaamos;10
Kwesi;10
Serko;10
Marcell;10
Abdisamad;10
Jori-Petteri;10
Ledion;10
Osse;10
Sere;10
Tom-Peter;10
Anouar;10
Adewale;10
Endel;10
Eliott;10
Kim-Kristian;10
Neko;10
Olatunde;10
Ty;10
Edil;10
Jussi-Tapio;10
Miliam;10
Curtis;10
Lancelot;10
Blue;10
Timy;10
Nedim;10
Oo;10
Tate;10
Börjesson;10
Ercan;10
Leone;10
Toto;10
Pär-Olof;10
António;10
Collins;10
Lari-Petteri;10
Raif;10
Michaël;10
Ayden;10
Ilmarinpoika;10
Tervo;10
Tapsa;10
Juho-Joonas;10
Stefansson;10
Wasim;10
Veli-Seppo;10
Nhu;10
Ramón;10
Niko-Markus;10
Otis;10
Vasilis;10
Lumo;10
Ly;10
Nassim;10
Rashed;10
Ronin;10
Abdinur;10
Hesse;10
Pål;10
Janusz;10
Tero-Tapani;10
Andaras;10
Matin;10
Ludovic;10
Nabaz;10
Nicolae;10
Cosimo;10
Dakhil;10
Isma;10
Mikkeli;10
Muzaffer;10
Dimitar;10
Topi-Petteri;10
Kyrö;10
Zack;10
Ener;10
Jyväs;10
Dara;10
Domingo;10
Martti-Juhani;10
Torstenson;10
Samet;10
Badal;10
King;10
Feeti;10
Fuat;10
Jarkka;10
Valerio;10
Manolis;10
Thong;10
Vilkko;10
Veli-Sakari;10
Gheorghe;10
Magdi;10
Willie;10
Abderrahman;10
Toivi;10
Fjodor;10
Veniamin;10
Behar;10
Alin;10
Fatos;10
Mika-Antti;10
Uku;10
Uule;10
Fredi;10
Osmi;10
Seyyed;10
Clemens;10
Bilaal;10
Carl-Victor;10
Siimoni;10
Akselinpoika;10
Elio;10
Niko-Matias;10
Rasim;10
Morits;10
Star;10
Atte-Pekka;10
Mika-Kristian;10
Nabi;10
Ville-Martti;10
Will;10
Patrikki;10
Essam;10
Niko-Ville;10
Preston;10
Yrjö-Pekka;10
Atik;10
Heikki-Jussi;10
Janne-Veikko;10
Fevzi;10
Joonis;10
Tamim;10
Mariwan;10
Till;10
Kwan;10
Ile;10
Aadel;10
Abiodun;10
Fawzi;10
Henri-Matias;10
Iiwari;10
Fadhil;10
Flavio;10
Olli-Jukka;10
Zbigniew;10
Kardo;10
Mikko-Jussi;10
Valtterinpoika;10
Eino-Veikko;10
Ari-Tapio;10
Petka;10
Simo-Heikki;10
Eelo;10
Tudor;10
Jabar;10
Mika-Matias;10
Valeriy;10
Ludvik;10
Teutori;10
Younis;10
Claes-Göran;10
